<?xml version="1.0" encoding="UTF-8"?>
<project-private xmlns="http://www.netbeans.org/ns/project-private/1">
    <editor-bookmarks xmlns="http://www.netbeans.org/ns/editor-bookmarks/2" lastBookmarkId="0"/>
    <open-files xmlns="http://www.netbeans.org/ns/projectui-open-files/2">
        <group>
            <file>file:/C:/Users/Daniel/Documents/Projetos/NetBeansProjects/DiarioDeBordo/Templates/header.php</file>
            <file>file:/C:/Users/Daniel/Documents/Projetos/NetBeansProjects/DiarioDeBordo/Controller/LoginController.php</file>
            <file>file:/C:/Users/Daniel/Documents/Projetos/NetBeansProjects/DiarioDeBordo/Model/Contador.php</file>
            <file>file:/C:/Users/Daniel/Documents/Projetos/NetBeansProjects/DiarioDeBordo/Controller/ImagesController.php</file>
            <file>file:/C:/Users/Daniel/Documents/Projetos/NetBeansProjects/DiarioDeBordo/Controller/PostController.php</file>
            <file>file:/C:/Users/Daniel/Documents/Projetos/NetBeansProjects/DiarioDeBordo/Model/Connection.php</file>
            <file>file:/C:/Users/Daniel/Documents/Projetos/NetBeansProjects/DiarioDeBordo/Pages/home.php</file>
        </group>
    </open-files>
</project-private>
